Date,Open,High,Low,Close,Adj Close,Volume
02.01.2017,13.9,13.9,13.9,13.9,10.509031,0
03.01.2017,13.94,13.94,13.74,13.8,10.433428,6378400
04.01.2017,13.76,13.88,13.76,13.84,10.46367,8005300
05.01.2017,13.8,13.9,13.76,13.84,10.46367,8225900
06.01.2017,13.82,14,13.82,13.94,10.539271,9910700
09.01.2017,14,14.06,13.92,13.92,10.524151,5058700
10.01.2017,13.88,13.9,13.72,13.8,10.433428,19171600
11.01.2017,13.84,14,13.82,14,10.584637,11820100
12.01.2017,13.98,14.06,13.96,14,10.584637,10454700
13.01.2017,14,14,13.92,13.94,10.539271,11908900
16.01.2017,13.9,14.04,13.9,13.92,10.524151,8648400
17.01.2017,13.9,13.94,13.86,13.9,10.509031,6241600
18.01.2017,13.92,13.94,13.88,13.9,10.509031,7887600
19.01.2017,13.9,13.9,13.84,13.88,10.493909,10566100
20.01.2017,13.88,13.9,13.84,13.86,10.478788,7953700
23.01.2017,13.88,13.92,13.82,13.9,10.509031,14346500
24.01.2017,13.9,13.92,13.86,13.88,10.493909,10561200
25.01.2017,13.9,13.92,13.76,13.8,10.433428,19074200
26.01.2017,13.84,13.84,13.66,13.68,10.342701,11928300
27.01.2017,13.7,13.74,13.6,13.6,10.282218,6413000
31.01.2017,13.62,13.62,13.34,13.4,10.131007,11382800
02.02.2017,13.14,13.42,13,13.38,10.115888,17417500
03.02.2017,13.36,13.46,13.36,13.44,10.161249,9122700
06.02.2017,13.44,13.56,13.42,13.44,10.161249,6723100
07.02.2017,13.4,13.44,13.3,13.38,10.115888,16302100
08.02.2017,13.32,13.52,13.32,13.46,10.176371,14621900
10.02.2017,13.66,13.66,13.4,13.5,10.206613,14506000
13.02.2017,13.52,13.66,13.48,13.66,10.32758,7475200
14.02.2017,13.62,13.68,13.5,13.52,10.221734,16205900
15.02.2017,13.52,13.58,13.48,13.56,10.251975,12790700
16.02.2017,13.52,13.54,13.5,13.5,10.206613,8342500
17.02.2017,13.52,13.54,13.46,13.48,10.191491,10919800
20.02.2017,13.48,13.54,13.48,13.54,10.236853,12067200
21.02.2017,13.54,13.58,13.52,13.58,10.267097,6194800
22.02.2017,13.58,13.58,13.5,13.52,10.221734,9064600
23.02.2017,13.56,13.56,13.5,13.5,10.206613,12439200
24.02.2017,13.5,13.6,13.44,13.5,10.206613,3405500
27.02.2017,13.5,13.56,13.48,13.54,10.236853,5261800
28.02.2017,13.52,13.6,13.5,13.54,10.236853,11202200
01.03.2017,13.52,13.54,13.52,13.54,10.236853,7941400
02.03.2017,13.54,13.64,13.52,13.58,10.267097,8809400
03.03.2017,13.54,13.68,13.54,13.62,10.297339,8284700
06.03.2017,13.56,13.72,13.48,13.68,10.342701,10891600
07.03.2017,13.7,13.8,13.66,13.7,10.357821,7611300
08.03.2017,13.62,13.84,13.6,13.7,10.357821,6622000
09.03.2017,13.66,13.8,13.66,13.74,10.388064,5076800
10.03.2017,13.68,13.78,13.68,13.72,10.372943,9962300
13.03.2017,13.7,13.84,13.7,13.78,10.418305,9979900
14.03.2017,13.74,13.78,13.72,13.74,10.388064,14396200
15.03.2017,13.52,13.74,13.44,13.68,10.342701,5680000
16.03.2017,13.74,13.8,13.68,13.72,10.372943,6740700
17.03.2017,13.76,13.78,13.66,13.72,10.372943,13168600
20.03.2017,13.7,13.74,13.6,13.72,10.372943,6451200
21.03.2017,13.76,13.78,13.54,13.78,10.418305,7245200
22.03.2017,13.72,13.72,13.56,13.72,10.372943,8408600
23.03.2017,13.64,13.74,13.64,13.72,10.372943,9392600
24.03.2017,13.76,13.76,13.66,13.72,10.372943,12109500
27.03.2017,13.66,13.72,13.64,13.7,10.357821,6802600
28.03.2017,13.76,13.78,13.6,13.74,10.388064,5990100
29.03.2017,13.74,13.78,13.7,13.74,10.388064,4986900
30.03.2017,13.76,13.76,13.64,13.74,10.388064,7867900
31.03.2017,13.8,13.82,13.72,13.72,10.372943,8823600
03.04.2017,13.76,13.78,13.72,13.76,10.403187,6037000
04.04.2017,13.74,13.8,13.72,13.74,10.388064,7331800
05.04.2017,13.72,13.76,13.7,13.76,10.403187,8991700
06.04.2017,13.7,13.78,13.7,13.76,10.403187,8291600
07.04.2017,13.68,13.74,13.62,13.68,10.342701,11062100
10.04.2017,13.68,13.74,13.66,13.7,10.357821,8726400
11.04.2017,13.7,13.72,13.68,13.72,10.372943,13102500
12.04.2017,13.68,13.72,13.68,13.72,10.372943,10850300
13.04.2017,13.74,13.78,13.7,13.74,10.388064,8051700
14.04.2017,13.68,13.72,13.68,13.7,10.357821,6825700
17.04.2017,13.74,13.78,13.68,13.7,10.357821,2337800
18.04.2017,13.74,13.78,13.7,13.72,10.372943,10243700
19.04.2017,13.62,13.72,13.62,13.72,10.372943,11497100
20.04.2017,13.74,13.8,13.7,13.8,10.433428,6453000
21.04.2017,13.68,13.78,13.68,13.74,10.388064,8278000
24.04.2017,13.74,13.74,13.74,13.74,10.388064,0
25.04.2017,13.88,13.9,13.74,13.8,10.433428,9697800
26.04.2017,13.8,13.94,13.8,13.84,10.46367,9355200
27.04.2017,13.88,13.9,13.86,13.86,10.478788,7221800
28.04.2017,13.9,14.06,13.86,13.94,10.539271,10003500
02.05.2017,13.92,13.96,13.86,13.92,10.524151,7737000
03.05.2017,13.9,13.96,13.86,13.94,10.539271,11000100
04.05.2017,13.88,13.94,13.86,13.9,10.509031,8745100
05.05.2017,13.9,13.94,13.88,13.9,10.509031,6891200
08.05.2017,13.96,13.96,13.88,13.92,10.524151,2601700
09.05.2017,13.92,13.92,13.88,13.9,10.509031,3884500
11.05.2017,13.98,13.98,13.86,13.92,10.524151,9622100
12.05.2017,13.88,13.96,13.88,13.9,10.509031,7809100
15.05.2017,13.94,14,13.88,14,10.584637,7303900
16.05.2017,14,14,13.92,13.94,10.539271,9612500
17.05.2017,13.92,13.98,13.92,13.94,10.539271,10530500
18.05.2017,13.74,13.84,13.72,13.8,10.562236,9550100
19.05.2017,13.76,13.82,13.74,13.78,10.546926,6680900
22.05.2017,13.78,13.8,13.76,13.8,10.562236,5689500
23.05.2017,13.86,13.86,13.76,13.8,10.562236,10324600
24.05.2017,13.8,13.84,13.76,13.82,10.577541,6652300
25.05.2017,13.78,13.88,13.78,13.82,10.577541,7896300
26.05.2017,13.8,13.88,13.78,13.8,10.562236,6817800
29.05.2017,14,14,13.72,13.72,10.501004,4268000
31.05.2017,13.78,13.82,13.74,13.78,10.546926,8655100
01.06.2017,13.8,13.84,13.76,13.78,10.546926,7356000
02.06.2017,13.8,13.84,13.78,13.8,10.562236,8444200
05.06.2017,13.8,13.86,13.78,13.82,10.577541,10042900
06.06.2017,13.82,14.56,13.82,14.2,10.868386,26039100
07.06.2017,14.04,14.26,14,14.2,10.868386,10629300
08.06.2017,14.12,14.22,14.12,14.18,10.853079,10711200
09.06.2017,14.2,14.46,14.18,14.4,11.021461,11396400
13.06.2017,14.5,14.54,14.32,14.38,11.006156,15419300
14.06.2017,14.44,14.46,14.34,14.38,11.006156,16743300
15.06.2017,14.4,14.46,14.3,14.42,11.036771,8958100
16.06.2017,14.38,14.52,14.22,14.44,11.052077,30714400
19.06.2017,14.4,14.5,14.36,14.38,11.006156,10511900
20.06.2017,14.38,14.44,14.18,14.32,10.960231,10261500
21.06.2017,14.32,14.32,14.1,14.18,10.853079,14795100
22.06.2017,14.2,14.34,14.16,14.18,10.853079,7609600
23.06.2017,14.18,14.18,14.08,14.16,10.83777,5406200
26.06.2017,14.1,14.1,14.1,14.1,10.791848,0
27.06.2017,14.1,14.1,14.1,14.1,10.791848,0
28.06.2017,14.18,14.28,14.06,14.14,10.822464,5415400
29.06.2017,14.14,14.2,14.1,14.14,10.822464,4244400
30.06.2017,14.16,14.2,14.1,14.14,10.822464,9194000
03.07.2017,14.12,14.18,14.02,14.12,10.807158,4538400
04.07.2017,14.14,14.2,14.1,14.1,10.791848,7479800
05.07.2017,14.1,14.14,14.08,14.12,10.807158,6210800
06.07.2017,14.1,14.16,14.1,14.14,10.822464,7952300
07.07.2017,14.1,14.14,14.08,14.12,10.807158,6442700
10.07.2017,14.1,14.14,14.1,14.12,10.807158,7919300
11.07.2017,14.08,14.12,14.06,14.1,10.791848,11112900
12.07.2017,14.08,14.16,14.02,14.16,10.83777,7510000
13.07.2017,14.16,14.2,14.14,14.18,10.853079,8629500
14.07.2017,14.2,14.2,14.14,14.2,10.868386,9659900
17.07.2017,14.2,14.2,14.14,14.18,10.853079,5526200
18.07.2017,14.18,14.18,14.06,14.16,10.83777,7556800
19.07.2017,14.14,14.18,14.06,14.12,10.807158,4999800
20.07.2017,14.18,14.2,14.08,14.08,10.77654,9462200
21.07.2017,14.12,14.16,14.06,14.12,10.807158,1384200
24.07.2017,14.12,14.24,14.1,14.18,10.853079,8564300
25.07.2017,14.24,14.28,14.18,14.22,10.883695,12693400
26.07.2017,14.22,14.24,14.18,14.22,10.883695,10222400
27.07.2017,14.22,14.44,14.16,14.24,10.899001,14412000
28.07.2017,14.18,14.22,14.12,14.16,10.83777,9196200
31.07.2017,14.12,14.2,14.1,14.12,10.807158,13046100
01.08.2017,14.16,14.22,14.12,14.16,10.83777,8488500
02.08.2017,14.14,14.2,14.14,14.18,10.853079,5546400
03.08.2017,14.18,14.2,14.14,14.18,10.853079,6060700
04.08.2017,14.18,14.18,14.12,14.16,10.83777,6738200
07.08.2017,14.2,14.2,14.14,14.18,10.853079,6063200
08.08.2017,14.16,14.22,14.16,14.22,10.883695,8491700
09.08.2017,14.18,14.22,14.16,14.22,10.883695,10035200
10.08.2017,14.2,14.24,14.18,14.22,10.883695,5249700
11.08.2017,14.18,14.22,14.18,14.2,10.868386,7143200
14.08.2017,14.2,14.26,14.2,14.22,10.883695,7395700
15.08.2017,14.22,14.22,14.18,14.2,10.868386,7932000
16.08.2017,14.2,14.24,14.2,14.22,10.883695,5632700
17.08.2017,14.24,14.24,14.2,14.24,10.899001,4812300
18.08.2017,14.2,14.26,14.2,14.24,10.899001,2612700
21.08.2017,14.2,14.26,14.2,14.22,10.883695,9146700
22.08.2017,14.2,14.26,14.2,14.24,10.899001,7944400
23.08.2017,14.22,14.26,14.22,14.26,10.914309,10639400
24.08.2017,14.22,14.3,14.22,14.28,10.929616,8501900
25.08.2017,14.32,14.36,14.28,14.3,10.944922,10027500
28.08.2017,14.28,14.34,14.28,14.32,10.960231,5750600
29.08.2017,14.22,14.32,14.22,14.3,10.944922,6737900
30.08.2017,14.24,14.3,14.22,14.28,10.929616,9815800
31.08.2017,14.28,14.28,14.28,14.28,10.929616,0
01.09.2017,14.28,14.28,14.28,14.28,10.929616,0
04.09.2017,14.28,14.28,14.28,14.28,10.929616,0
05.09.2017,14.7,14.8,14.3,14.38,11.006156,5752600
06.09.2017,14.3,14.42,14.3,14.4,11.021461,7010600
07.09.2017,14.48,14.64,14.38,14.56,11.143923,12703000
08.09.2017,14.56,14.6,14.52,14.58,11.15923,8938800
11.09.2017,14.56,14.64,14.52,14.58,11.15923,10241800
12.09.2017,14.6,14.68,14.56,14.58,11.15923,8980000
13.09.2017,14.56,14.62,14.56,14.58,11.15923,7159600
14.09.2017,14.6,14.62,14.52,14.58,11.15923,8271100
15.09.2017,14.6,14.6,14.54,14.56,11.143923,13501900
18.09.2017,14.56,14.62,14.54,14.58,11.15923,5909000
19.09.2017,14.54,14.64,14.54,14.56,11.143923,10458900
20.09.2017,14.54,14.58,14.34,14.5,11.098001,6333800
21.09.2017,14.5,14.54,14.42,14.44,11.052077,10325700
22.09.2017,14.44,14.44,14.44,14.44,11.052077,0
25.09.2017,14.48,14.52,14.38,14.4,11.021461,11367800
26.09.2017,14.4,14.44,14.36,14.4,11.021461,9242600
27.09.2017,14.4,14.44,14.32,14.36,10.990847,7215200
28.09.2017,14.34,14.38,14.3,14.32,10.960231,6647800
29.09.2017,14.32,14.4,14.32,14.32,10.960231,6848200
02.10.2017,14.32,14.36,14.28,14.32,10.960231,10610400
03.10.2017,14.32,14.38,14.26,14.3,10.944922,7058100
04.10.2017,14.28,14.32,14.26,14.28,10.929616,4566700
05.10.2017,14.28,14.28,14.22,14.24,10.899001,3321300
06.10.2017,14.2,14.3,14.02,14.26,10.914309,6483300
09.10.2017,14.26,14.38,14.22,14.24,10.899001,2665100
10.10.2017,14.18,14.28,14.18,14.24,10.899001,3234000
11.10.2017,14.24,14.28,14.18,14.2,10.868386,3395200
12.10.2017,14.2,14.2,14.02,14.12,10.807158,9918800
13.10.2017,14.14,14.2,14.1,14.2,10.868386,2896000
16.10.2017,14.22,14.28,14.16,14.26,10.914309,6865400
17.10.2017,14.26,14.32,14.2,14.28,10.929616,8675300
18.10.2017,14.28,14.28,14.28,14.28,10.929616,0
19.10.2017,14.3,14.38,14.24,14.32,10.960231,13000200
20.10.2017,14.32,14.34,14.28,14.32,10.960231,2362900
23.10.2017,14.28,14.32,14.28,14.3,10.944922,9367800
24.10.2017,14.26,14.34,14.2,14.3,10.944922,7246700
25.10.2017,14.3,14.34,14.28,14.34,10.97554,7682000
26.10.2017,14.34,14.36,14.2,14.34,10.97554,9766800
27.10.2017,14.5,15.46,14.5,14.96,11.450074,37098700
30.10.2017,14.98,15.06,14.72,14.8,11.327614,9127500
31.10.2017,14.78,15,14.74,15,11.48069,14856700
01.11.2017,14.96,14.98,14.86,14.98,11.465383,3273400
02.11.2017,14.88,14.96,14.8,14.9,11.404151,12893600
03.11.2017,14.9,14.96,14.8,14.9,11.404151,13798500
06.11.2017,14.88,14.96,14.82,14.82,11.342921,9962700
07.11.2017,14.84,14.86,14.8,14.84,11.358229,14721700
08.11.2017,14.74,14.94,14.72,14.9,11.404151,15075100
09.11.2017,14.9,15.02,14.86,14.9,11.404151,16847100
10.11.2017,14.88,14.96,14.78,14.9,11.404151,8941400
13.11.2017,14.94,14.96,14.82,14.82,11.342921,16684600
14.11.2017,14.84,14.9,14.8,14.82,11.342921,21137400
15.11.2017,14.82,14.9,14.76,14.84,11.358229,16520100
16.11.2017,14.8,14.9,14.76,14.84,11.358229,22613500
17.11.2017,14.82,14.86,14.74,14.84,11.358229,17999400
20.11.2017,14.84,14.86,14.76,14.82,11.342921,23113900
21.11.2017,14.82,15.1,14.78,14.88,11.388844,26187000
22.11.2017,14.88,15,14.84,14.86,11.373536,13232400
23.11.2017,14.78,14.88,14.72,14.84,11.358229,9764900
24.11.2017,14.8,14.84,14.74,14.82,11.342921,20423400
27.11.2017,14.84,15,14.8,15,11.48069,22887700
28.11.2017,15,15.06,14.88,14.98,11.465383,14301800
29.11.2017,15,15.48,14.98,15.4,11.786841,25670800
30.11.2017,15.5,15.6,15.26,15.46,11.832764,23427800
01.12.2017,15.46,15.46,15.46,15.46,11.832764,0
04.12.2017,15.5,15.58,15.2,15.58,11.924609,17193700
05.12.2017,15.48,15.64,15.42,15.64,11.970532,12888500
06.12.2017,15.6,15.66,15.5,15.62,11.955225,13331900
07.12.2017,15.64,15.68,15.48,15.58,11.924609,18217300
08.12.2017,15.54,15.62,15.46,15.52,11.878687,19917200
11.12.2017,15.56,15.6,15.46,15.5,11.86338,14258500
12.12.2017,15.42,15.5,15.38,15.48,11.848071,7197500
13.12.2017,15.48,15.48,15.38,15.42,11.802148,21709100
14.12.2017,15.46,15.46,15.38,15.42,11.802148,33811100
15.12.2017,15.38,15.44,15.36,15.44,11.817455,29299100
18.12.2017,15.52,15.56,15.38,15.38,11.771535,13552500
19.12.2017,15.04,15.04,14.8,14.9,11.740016,14937500
20.12.2017,14.9,14.92,14.82,14.86,11.7085,9001600
21.12.2017,15,15,14.9,14.96,11.787292,10863200
22.12.2017,14.98,15.06,14.96,14.98,11.803049,12215500
25.12.2017,14.98,14.98,14.98,14.98,11.803049,0
26.12.2017,14.96,15.02,14.94,14.98,11.803049,8148900
27.12.2017,14.98,15.2,14.98,15.12,11.913359,10337300
28.12.2017,15.1,15.42,15.08,15.42,12.149735,9128900
29.12.2017,15.42,15.44,15.2,15.26,12.023668,11320000
02.01.2018,15.22,15.34,15.12,15.22,11.992152,4794000
03.01.2018,15.22,15.42,15.22,15.3,12.055186,10311700
04.01.2018,15.32,15.4,15.28,15.4,12.133977,14018800
05.01.2018,15.36,15.5,15.36,15.42,12.149735,10357400
08.01.2018,15.44,15.72,15.42,15.7,12.370353,14039900
09.01.2018,15.88,15.94,15.82,15.88,12.512179,19750500
10.01.2018,15.9,15.9,15.8,15.86,12.49642,14039200
11.01.2018,15.84,15.86,15.72,15.82,12.464903,7181900
12.01.2018,15.84,15.84,15.72,15.78,12.433387,7409400
15.01.2018,15.8,15.82,15.78,15.82,12.464903,12739700
16.01.2018,15.84,15.88,15.78,15.88,12.512179,10639700
17.01.2018,15.9,15.98,15.78,15.82,12.464903,9162100
18.01.2018,15.82,15.84,15.56,15.6,12.29156,13082400
19.01.2018,15.68,15.82,15.68,15.82,12.464903,17501600
22.01.2018,15.96,15.96,15.78,15.82,12.464903,14020100
23.01.2018,15.82,15.88,15.82,15.86,12.49642,11786400
24.01.2018,15.92,15.92,15.8,15.84,12.480661,6587100
25.01.2018,15.84,15.86,15.82,15.86,12.49642,11688600
26.01.2018,15.86,15.94,15.78,15.84,12.480661,7162500
29.01.2018,15.84,16.120001,15.78,15.84,12.480661,10505600
30.01.2018,15.8,15.88,15.68,15.78,12.433387,15969900
02.02.2018,15.76,15.86,15.54,15.8,12.449145,16346900
05.02.2018,15.62,15.86,15.56,15.82,12.464903,11403900
06.02.2018,15.5,15.8,15.5,15.58,12.275803,33321300
07.02.2018,15.68,15.84,15.66,15.84,12.480661,11074200
08.02.2018,15.84,15.84,15.76,15.8,12.449145,11915800
09.02.2018,15.56,15.74,15.52,15.72,12.386113,8772200
12.02.2018,15.84,15.84,15.7,15.76,12.417629,10574100
13.02.2018,15.78,15.8,15.72,15.74,12.401868,6736900
14.02.2018,15.78,15.8,15.66,15.7,12.370353,10063500
15.02.2018,15.78,15.78,15.64,15.7,12.370353,3747800
16.02.2018,null,null,null,null,null,null
19.02.2018,15.76,15.8,15.72,15.74,12.401868,5654400
20.02.2018,15.7,15.78,15.7,15.72,12.386113,8568800
21.02.2018,15.72,15.76,15.68,15.7,12.370353,7179300
22.02.2018,15.66,15.78,15.56,15.64,12.323079,5385200
23.02.2018,15.62,15.72,15.58,15.64,12.323079,9984500
26.02.2018,15.64,15.68,15.6,15.62,12.307319,9312100
27.02.2018,15.62,15.8,15.62,15.76,12.417629,14635800
28.02.2018,15.76,15.76,15.62,15.7,12.370353,5508500
01.03.2018,15.74,15.76,15.6,15.7,12.370353,3058100
02.03.2018,15.7,15.7,15.64,15.7,12.370353,5898400
05.03.2018,15.7,15.72,15.6,15.66,12.338837,7187000
06.03.2018,15.66,15.66,15.6,15.64,12.323079,8211700
07.03.2018,15.62,15.64,15.58,15.6,12.29156,11195500
08.03.2018,15.56,15.64,15.56,15.6,12.29156,6773900
09.03.2018,15.66,15.66,15.5,15.54,12.244284,5405400
12.03.2018,15.58,15.64,15.56,15.62,12.307319,9845600
13.03.2018,15.58,15.66,15.58,15.62,12.307319,7064600
14.03.2018,15.6,15.7,15.6,15.64,12.323079,6849900
15.03.2018,15.66,15.68,15.6,15.66,12.338837,6528500
16.03.2018,15.62,15.7,15.62,15.68,12.354594,14425100
19.03.2018,15.64,15.74,15.64,15.7,12.370353,6380500
20.03.2018,15.7,15.88,15.68,15.76,12.417629,9935900
21.03.2018,15.78,15.8,15.74,15.78,12.433387,10585400
22.03.2018,15.76,15.82,15.74,15.78,12.433387,7203900
23.03.2018,15.74,15.78,15.7,15.76,12.417629,7784400
26.03.2018,15.7,15.8,15.7,15.76,12.417629,2881200
27.03.2018,15.72,15.78,15.72,15.72,12.386113,7221000
28.03.2018,15.76,15.86,15.72,15.8,12.449145,10585000
29.03.2018,15.86,16.18,15.8,16.16,12.732797,16036100
30.03.2018,16.16,16.34,16.1,16.24,12.79583,14227200
02.04.2018,16.200001,16.26,16.139999,16.200001,12.764313,6157400
03.04.2018,16.18,16.200001,15.8,15.86,12.49642,11325500
04.04.2018,15.72,15.92,15.66,15.7,12.539631,6855200
05.04.2018,15.72,15.86,15.72,15.82,12.635473,6857000
06.04.2018,15.88,15.88,15.7,15.74,12.571577,4546500
09.04.2018,15.82,15.9,15.74,15.88,12.683397,8577500
10.04.2018,15.8,16,15.8,15.9,12.69937,7932500
11.04.2018,16,16,15.86,15.86,12.667423,9590800
12.04.2018,15.98,15.98,15.88,15.9,12.69937,6284200
13.04.2018,15.84,15.96,15.84,15.88,12.683397,6089600
16.04.2018,15.92,15.96,15.9,15.94,12.731319,7877600
17.04.2018,15.88,16,15.86,15.94,12.731319,9321900
18.04.2018,16,16,15.88,15.92,12.715345,9580300
19.04.2018,15.92,16,15.88,16,12.779242,12196600
20.04.2018,15.96,16,15.88,15.92,12.715345,12393700
23.04.2018,15.94,15.98,15.84,15.88,12.683397,10931800
24.04.2018,15.9,15.96,15.86,15.88,12.683397,15707700
25.04.2018,15.86,15.88,15.76,15.84,12.651449,12123300
26.04.2018,15.84,15.92,15.8,15.84,12.651449,10688300
27.04.2018,15.94,16.02,15.82,15.86,12.667423,12878000
30.04.2018,15.8,15.86,15.76,15.84,12.651449,12268100
02.05.2018,15.82,15.88,15.8,15.84,12.651449,17420700
03.05.2018,15.8,16.040001,15.8,16,12.779242,19140400
04.05.2018,15.96,16.120001,15.9,16.08,12.843137,16745100
07.05.2018,16.1,16.1,15.84,16,12.779242,18361400
08.05.2018,15.84,16.08,15.84,16.059999,12.827162,15166300
14.05.2018,15.58,16.120001,15.24,16,12.779242,32905500
15.05.2018,15.9,15.96,15.6,15.92,12.715345,20252900
16.05.2018,15.96,15.96,15.8,15.92,12.715345,10075700
17.05.2018,16,16,15.88,15.9,12.69937,11505900
18.05.2018,15.9,15.98,15.88,15.92,12.715345,13656300
21.05.2018,15.92,15.92,15.62,15.66,12.507684,17365500
22.05.2018,15.68,15.68,15.2,15.34,12.252097,18745500
23.05.2018,15.44,15.44,14.76,14.94,11.932616,18840500
24.05.2018,15,15.04,14.6,14.76,11.78885,19808300
25.05.2018,15.14,15.4,14.82,15.04,12.012486,15209000
28.05.2018,15.04,15.08,14.54,14.78,11.804824,7851700
30.05.2018,14.78,14.78,14.78,14.78,11.804824,0
31.05.2018,14.14,14.14,14.14,14.14,11.293654,0
01.06.2018,14.44,14.6,14.4,14.5,11.581187,11304900
04.06.2018,14.48,14.5,14.22,14.34,11.453396,9263300
05.06.2018,14.34,14.4,14.24,14.36,11.469369,7604500
06.06.2018,14.28,14.42,14.28,14.36,11.469369,8456500
07.06.2018,14.36,14.74,14.36,14.56,11.629109,11123400
08.06.2018,14.6,14.76,14.52,14.62,11.677031,9611900
11.06.2018,14.62,14.78,14.56,14.56,11.629109,7510500
12.06.2018,14.64,14.64,14.32,14.4,11.501317,10692800
13.06.2018,14.4,14.56,14.22,14.4,11.501317,7299800
14.06.2018,14.3,14.5,14.3,14.5,11.581187,16461700
18.06.2018,14.7,14.7,14.12,14.32,11.43742,11868800
19.06.2018,14.32,14.32,14.12,14.16,11.309627,13003700
20.06.2018,14.12,14.28,14.12,14.26,11.389498,7167200
21.06.2018,14.24,14.26,13.54,13.94,11.133912,15375700
22.06.2018,13.78,13.84,13.54,13.8,11.022096,13069400
25.06.2018,13.98,13.98,13.66,13.86,11.070018,5688300
26.06.2018,13.9,13.9,13.76,13.84,11.054045,9455800
27.06.2018,13.76,13.86,13.76,13.82,11.03807,8567900
28.06.2018,13.7,13.76,13.56,13.66,10.910276,12974300
29.06.2018,13.54,15.06,13.54,14.64,11.693005,27882400
02.07.2018,14.64,14.9,14.38,14.6,11.661058,11926300
03.07.2018,14.6,14.64,14.3,14.44,11.533264,2303900
04.07.2018,14.56,14.56,14.26,14.4,11.501317,6444800
05.07.2018,14.52,14.56,14.34,14.42,11.517292,3231400
06.07.2018,14.74,14.74,14.26,14.26,11.389498,7015900
09.07.2018,14.38,14.6,14.3,14.3,11.421446,5790600
10.07.2018,14.36,14.44,14.36,14.42,11.517292,6155200
11.07.2018,14.4,14.62,14.24,14.5,11.581187,4453300
12.07.2018,14.58,14.58,14.42,14.48,11.565213,8438400
13.07.2018,14.58,14.7,14.46,14.64,11.693005,13058400
16.07.2018,14.64,14.7,14.5,14.64,11.693005,5174900
17.07.2018,14.68,14.84,14.66,14.78,11.804824,6687100
18.07.2018,14.84,14.88,14.7,14.88,11.884695,3119900
19.07.2018,14.76,14.98,14.76,14.92,11.916642,4628600
20.07.2018,14.9,14.9,14.72,14.82,11.836771,6309700
23.07.2018,14.68,14.82,14.66,14.78,11.804824,3118700
24.07.2018,14.68,14.82,14.68,14.78,11.804824,9166600
25.07.2018,14.74,14.92,14.74,14.88,11.884695,10291200
26.07.2018,15,15.1,14.88,15.1,12.060408,7093600
27.07.2018,15,15.12,14.96,15.1,12.060408,5340300
30.07.2018,15.1,15.28,14.96,15.14,12.092357,9149700
31.07.2018,15.08,15.68,15.04,15.68,12.523656,17167900
01.08.2018,15.28,15.3,15.16,15.3,12.22015,6507600
02.08.2018,15.36,15.5,15.24,15.28,12.204176,8088700
03.08.2018,15.24,15.48,15.24,15.42,12.315993,2669300
06.08.2018,15.48,15.48,15.36,15.44,12.331967,5384900
07.08.2018,15.42,15.7,15.4,15.5,12.379891,6624000
08.08.2018,15.6,15.74,15.52,15.58,12.443786,7355800
09.08.2018,15.66,15.8,15.62,15.78,12.603526,8062700
10.08.2018,15.78,15.9,15.72,15.78,12.603526,7730400
13.08.2018,15.78,15.78,15.42,15.56,12.427811,12211900
14.08.2018,15.6,15.74,15.56,15.66,12.507684,13655500
15.08.2018,15.66,15.96,15.66,15.82,12.635473,10474400
16.08.2018,15.8,15.8,15.66,15.74,12.571577,8004900
17.08.2018,15.76,15.8,15.66,15.7,12.539631,9981700
20.08.2018,15.7,15.8,15.66,15.68,12.523656,5465200
21.08.2018,15.7,15.76,15.66,15.74,12.571577,8898400
23.08.2018,15.72,15.8,15.68,15.74,12.571577,9246000
24.08.2018,15.68,15.8,15.68,15.7,12.539631,6340300
27.08.2018,15.7,15.78,15.68,15.72,12.555605,4754600
28.08.2018,15.62,15.8,15.62,15.72,12.555605,4467800
29.08.2018,15.74,15.8,15.66,15.7,12.539631,5356200
30.08.2018,15.7,15.78,15.66,15.68,12.523656,4867800
03.09.2018,15.68,15.82,15.68,15.7,12.539631,3988900
04.09.2018,15.68,15.78,15.62,15.72,12.555605,7239000
05.09.2018,15.7,15.82,15.54,15.72,12.555605,8114400
06.09.2018,15.7,15.8,15.7,15.76,12.587554,6108000
07.09.2018,15.8,15.9,15.74,15.8,12.6195,8337400
12.09.2018,16,16,15.72,15.82,12.635473,10319900
13.09.2018,15.8,15.88,15.72,15.8,12.6195,11851100
14.09.2018,15.8,15.84,15.7,15.8,12.6195,5862000
18.09.2018,15.78,15.86,15.76,15.82,12.635473,5345200
19.09.2018,15.74,15.88,15.74,15.78,12.603526,3334900
20.09.2018,15.86,15.96,15.74,15.76,12.587554,8092700
21.09.2018,15.88,15.9,15.68,15.68,12.523656,12207600
24.09.2018,15.74,15.74,15.48,15.52,12.395864,4074900
25.09.2018,15.52,15.52,15.44,15.48,12.363915,13590200
26.09.2018,15.16,15.6,15.1,15.5,12.626799,6441900
27.09.2018,15.5,15.6,15.46,15.52,12.64309,3376500
28.09.2018,15.6,15.6,15.46,15.46,12.594212,11257900
01.10.2018,15.54,15.54,15.4,15.52,12.64309,2530800
02.10.2018,15.5,15.6,15.48,15.54,12.659382,3371500
03.10.2018,15.6,15.68,15.56,15.58,12.691967,3909200
04.10.2018,15.54,15.6,15.46,15.5,12.626799,10537800
05.10.2018,15.38,15.5,15.38,15.44,12.577919,3314200
08.10.2018,15.4,15.42,15.36,15.38,12.529041,7141500
09.10.2018,15.34,15.42,15.34,15.38,12.529041,6488500
10.10.2018,15.48,15.5,14.5,14.68,11.958798,4925700
11.10.2018,14.02,14.4,13.8,14.28,11.632946,19586100
12.10.2018,14.32,14.74,14.32,14.6,11.893629,5171200
15.10.2018,14.62,14.68,14.56,14.58,11.877335,5653700
16.10.2018,14.66,14.68,14.58,14.62,11.909921,5217800
17.10.2018,14.68,14.68,14.56,14.6,11.893629,5492400
18.10.2018,14.54,14.64,14.38,14.58,11.877335,5397200
19.10.2018,14.52,14.58,14.44,14.56,11.861044,5278300
22.10.2018,14.5,14.6,14.48,14.5,11.812165,2248700
23.10.2018,14.42,14.52,14,14.08,11.470019,6797000
24.10.2018,14,14.26,13.82,13.9,11.323385,6255500
25.10.2018,13.88,14.22,13.82,14,11.404849,6688800
26.10.2018,14.02,14.18,14,14.04,11.437434,2489600
29.10.2018,14.1,14.16,14.02,14.1,11.486312,3089100
30.10.2018,14.5,14.5,14.16,14.3,11.649239,5467200
31.10.2018,14.4,14.76,14.32,14.7,11.97509,7649400
01.11.2018,14.7,14.7,14.5,14.56,11.861044,2044700
02.11.2018,14.5,14.72,14.5,14.7,11.97509,8494000
05.11.2018,14.86,15.02,14.68,14.8,12.056555,6418400
07.11.2018,14.78,14.96,14.7,14.82,12.072847,5252900
08.11.2018,14.96,14.98,14.88,14.94,12.170604,6870000
09.11.2018,14.94,15,14.8,15,12.219482,7160200
12.11.2018,14.9,14.98,14.66,14.84,12.089141,1992800
13.11.2018,14.7,14.8,14.7,14.78,12.040262,5439800
14.11.2018,14.66,14.9,14.66,14.9,12.138018,5897400
15.11.2018,14.9,14.94,14.68,14.82,12.072847,5507200
16.11.2018,14.9,14.98,14.8,14.9,12.138018,2181200
19.11.2018,14.98,14.98,14.74,14.86,12.105433,5614500
21.11.2018,14.58,14.86,14.52,14.8,12.056555,4283900
22.11.2018,14.7,14.94,14.7,14.78,12.040262,1663100
23.11.2018,14.78,14.88,14.64,14.8,12.056555,941300
26.11.2018,14.68,14.86,14.68,14.86,12.105433,2243900
27.11.2018,14.88,14.88,14.68,14.72,11.991385,4133500
28.11.2018,14.5,14.5,14.12,14.26,11.616652,10201300
29.11.2018,14.28,14.3,14.22,14.24,11.60036,5295600
30.11.2018,14.26,14.28,14.16,14.24,11.60036,9755900
03.12.2018,14.3,14.3,14.18,14.3,11.649239,3842000
04.12.2018,14.16,14.26,14.08,14.14,11.518898,8609800
05.12.2018,14.02,14.12,13.84,13.92,11.339679,5070300
06.12.2018,13.82,13.86,13.5,13.76,11.20934,7954100
07.12.2018,13.62,13.74,13.6,13.7,11.16046,5345000
10.12.2018,13.6,13.6,13.3,13.56,11.046412,6217400
11.12.2018,13.42,13.58,13.42,13.54,11.030118,7185700
12.12.2018,13.5,13.54,13.44,13.5,10.997534,6027300
13.12.2018,13.54,13.58,13.24,13.46,10.964948,4452300
14.12.2018,13.4,13.4,13.12,13.26,10.802021,4600900
17.12.2018,13.26,13.28,12.92,12.92,10.525045,3039800
18.12.2018,12.76,12.84,12.52,12.7,10.345827,8443300
19.12.2018,12.6,12.9,12.54,12.84,10.459875,5176900
20.12.2018,12.7,12.84,12.64,12.82,10.443583,3606800
21.12.2018,12.78,13.56,12.72,13.48,10.981239,4741400
24.12.2018,13.4,14.02,13.18,14,11.404849,2784100
26.12.2018,13.7,13.84,13.42,13.54,11.030118,2428000
27.12.2018,13.72,13.78,13.5,13.58,11.062704,4252700
28.12.2018,13.58,13.64,13.42,13.56,11.046412,2147200
31.12.2018,13.58,13.88,13.56,13.6,11.078997,3417200
02.01.2019,13.68,13.68,13.4,13.44,10.948655,1690000
03.01.2019,13.54,13.76,13.4,13.76,11.20934,2158400
04.01.2019,13.66,13.8,13.46,13.46,10.964948,1452900
07.01.2019,13.6,14.06,13.56,13.94,11.35597,5692600
08.01.2019,13.96,14.04,13.54,13.64,11.111582,4767300
09.01.2019,13.76,14.06,13.64,13.66,11.127873,8893900
10.01.2019,13.78,13.98,13.68,13.86,11.290801,8717900
11.01.2019,13.98,14,13.78,13.86,11.290801,4977000
14.01.2019,13.9,13.96,13.74,13.86,11.290801,2655300
15.01.2019,13.8,13.9,13.72,13.84,11.274508,2927400
16.01.2019,13.86,13.86,13.4,13.58,11.062704,5221400
17.01.2019,13.66,13.68,13.58,13.6,11.078997,5566800
18.01.2019,13.6,13.68,13.48,13.68,11.144167,4770500
22.01.2019,13.72,13.76,13.52,13.7,11.16046,4075900
23.01.2019,13.68,13.7,13.46,13.54,11.030118,9293800
24.01.2019,13.6,13.72,13.5,13.62,11.09529,5422300
25.01.2019,13.6,13.74,13.52,13.64,11.111582,7424500
28.01.2019,13.64,13.64,13.54,13.58,11.062704,4927500
29.01.2019,13.6,13.68,13.46,13.5,10.997534,4312300
30.01.2019,13.54,13.54,13.1,13.14,10.704266,7748800
31.01.2019,13.16,13.26,12.9,12.9,10.508754,10556000
04.02.2019,13.2,13.2,12.94,12.94,10.541339,2721700
07.02.2019,13.16,13.48,13.02,13.42,10.932364,4050800
08.02.2019,13.26,13.36,13.14,13.2,10.753144,4724500
11.02.2019,13.28,13.28,13.14,13.16,10.720558,2295900
12.02.2019,13.2,13.28,13.02,13.1,10.67168,2740300
13.02.2019,13.2,13.2,13.04,13.06,10.639095,1289400
14.02.2019,13.04,13.12,13.02,13.02,10.606509,3021800
15.02.2019,13.06,13.08,12.96,13.04,10.622802,1678900
18.02.2019,13.04,13.06,12.98,13,10.590217,2535700
19.02.2019,13.02,13.48,12.98,13.32,10.8509,6057900
20.02.2019,13.4,13.5,13.2,13.38,10.899777,8973500
21.02.2019,13.38,13.5,13.26,13.5,10.997534,5863400
22.02.2019,13.48,13.48,13.32,13.44,10.948655,4243600
25.02.2019,13.48,13.6,13.34,13.5,10.997534,2729900
26.02.2019,13.48,13.5,13.4,13.44,10.948655,1694500
27.02.2019,13.44,13.5,13.38,13.48,10.981239,1781600
28.02.2019,13.5,13.5,13.4,13.42,10.932364,5243700
01.03.2019,13,13.1,12.9,13.08,10.655389,10247800
04.03.2019,12.96,13.02,12.9,12.96,10.557631,4211200
05.03.2019,12.8,12.86,12.78,12.8,10.427291,7902600
06.03.2019,12.78,12.88,12.7,12.8,10.427291,5228600
07.03.2019,12.72,12.86,12.72,12.82,10.443583,3646200
08.03.2019,12.84,12.86,12.62,12.7,10.345827,5050700
11.03.2019,12.72,12.72,12.54,12.62,10.280657,4180800
12.03.2019,12.64,12.68,12.58,12.64,10.29695,2033100
13.03.2019,12.64,12.7,12.6,12.7,10.345827,3405800
14.03.2019,12.7,12.72,12.6,12.64,10.29695,2189700
15.03.2019,12.66,12.94,12.62,12.68,10.329535,9868800
18.03.2019,12.7,13.08,12.7,13.06,10.639095,3139300
19.03.2019,13.08,13.26,13,13.2,10.753144,1887500
20.03.2019,13.16,13.18,12.96,13.02,10.606509,2634700
21.03.2019,13.02,13.1,12.86,12.88,10.492461,2273200
22.03.2019,12.98,13.06,12.78,12.88,10.492461,2963400
25.03.2019,12.74,12.84,12.7,12.76,10.394706,2114000
26.03.2019,12.78,12.86,12.54,12.76,10.394706,5370400
27.03.2019,12.6,12.62,12.54,12.58,10.436184,1700400
28.03.2019,12.56,12.64,12.44,12.52,10.386411,4800100
29.03.2019,12.64,12.72,12.5,12.66,10.502551,5177900
01.04.2019,12.7,12.74,12.52,12.62,10.469368,3600500
02.04.2019,12.68,12.72,12.54,12.58,10.436184,2333900
03.04.2019,12.64,12.66,12.52,12.54,10.403002,1230400
04.04.2019,12.56,12.7,12.5,12.64,10.48596,2309800
05.04.2019,12.6,12.72,12.6,12.62,10.469368,3612600
08.04.2019,12.58,12.62,12.56,12.6,10.452777,1866800
09.04.2019,12.62,12.66,12.56,12.6,10.452777,2455000
10.04.2019,12.6,12.66,12.58,12.58,10.436184,2864700
11.04.2019,12.56,12.66,11.8,12.06,10.004802,15749800
12.04.2019,12.2,12.34,12.18,12.28,10.187309,14561000
15.04.2019,12.3,12.38,12.26,12.32,10.220494,4147900
16.04.2019,12.3,12.4,12.26,12.3,10.203901,6522300
17.04.2019,12.2,12.34,12.02,12.06,10.004802,10675400
18.04.2019,12.2,12.2,12.02,12.16,10.087758,5115400
19.04.2019,12.16,12.2,12.06,12.14,10.071167,7851700
22.04.2019,12.16,12.3,12.12,12.16,10.087758,3876900
23.04.2019,12.26,12.3,12.18,12.28,10.187309,2190400
24.04.2019,12.3,12.48,12.24,12.34,10.237085,7067600
25.04.2019,12.32,12.36,12.02,12.16,10.087758,8818400
26.04.2019,12.22,12.22,12.08,12.14,10.071167,2628300
29.04.2019,12.14,12.26,12.06,12.2,10.120942,3438700
30.04.2019,12.2,12.32,12.14,12.28,10.187309,19979400
02.05.2019,12.28,12.38,12.26,12.28,10.187309,10494100
03.05.2019,12.28,12.3,12.16,12.3,10.203901,1431100
06.05.2019,12.2,12.24,11.96,12.22,10.137534,3166700
07.05.2019,12.1,12.22,12.04,12.14,10.071167,3409900
08.05.2019,12.14,12.14,12,12.02,9.971617,8025000
09.05.2019,12,12.16,11.92,11.94,9.90525,9539200
10.05.2019,11.92,12,11.8,11.8,9.789108,4911700
13.05.2019,11.82,11.9,11.68,11.74,9.739332,6679000
14.05.2019,11.58,11.88,11.3,11.8,9.789108,9084200
15.05.2019,11.8,11.84,11.64,11.78,9.772516,11453000
16.05.2019,11.78,11.78,11.64,11.64,9.656375,5703200
17.05.2019,11.62,11.76,11.5,11.58,9.606599,3369800
21.05.2019,11.58,11.72,11.56,11.68,9.689559,3092000
23.05.2019,11.66,11.8,11.6,11.66,9.672966,7720800
24.05.2019,11.66,11.74,11.52,11.54,9.573416,2628700
27.05.2019,11.66,11.66,11.26,11.36,9.424089,7699100
28.05.2019,11.4,11.9,11.24,11.66,9.672966,23416800
29.05.2019,11.7,12.48,11.66,12.32,10.220494,17702000
30.05.2019,12.38,12.74,12.24,12.4,10.28686,16736500
31.05.2019,12.5,12.76,12.28,12.7,10.535735,16369700
03.06.2019,12.6,12.9,12.56,12.86,10.668468,6327400
04.06.2019,12.8,12.94,12.72,12.82,10.635285,3101500
05.06.2019,12.82,12.82,12.82,12.82,10.635285,0
06.06.2019,12.82,12.82,12.82,12.82,10.635285,0
07.06.2019,13,13,12.5,12.78,10.6021,5729300
10.06.2019,12.78,12.94,12.74,12.76,10.58551,4822000
11.06.2019,12.76,12.82,12.44,12.48,10.353227,9124700
12.06.2019,12.48,12.58,12.2,12.54,10.403002,9258300
13.06.2019,12.52,12.52,12.22,12.32,10.220494,8314400
14.06.2019,12.36,12.36,12.12,12.18,10.104352,6467400
17.06.2019,12.2,12.88,12.2,12.74,10.568918,10395200
18.06.2019,12.74,13,12.72,13,10.78461,5362200
19.06.2019,12.98,13.28,12.96,13.28,11.016894,6592700
20.06.2019,13.26,13.88,13.22,13.88,11.514647,7235500
21.06.2019,13.82,13.9,13.44,13.9,11.531238,16242300
24.06.2019,13.84,13.86,13.72,13.8,11.44828,5050200
25.06.2019,13.8,14.12,13.8,14,11.614197,6252800
26.06.2019,13.92,14.1,13.7,13.78,11.431688,2953200
27.06.2019,13.76,13.94,13.66,13.68,11.348729,4477400
28.06.2019,13.7,13.88,13.68,13.84,11.481464,4837300
01.07.2019,13.86,14.02,13.86,13.96,11.581014,2351700
02.07.2019,14,14.22,13.98,14.22,11.796706,4566800
03.07.2019,14.18,14.24,14.06,14.24,11.813296,2889600
04.07.2019,14.2,14.28,14.12,14.14,11.730339,2171700
05.07.2019,14.18,14.18,13.44,13.6,11.282362,9413600
08.07.2019,13.5,13.92,13.4,13.82,11.464871,3118000
09.07.2019,13.88,13.92,13.7,13.84,11.481464,2244400
10.07.2019,13.82,13.84,13.62,13.74,11.398504,2140100
11.07.2019,13.8,13.84,13.66,13.72,11.381913,1728800
12.07.2019,13.72,13.82,13.62,13.68,11.348729,1628600
15.07.2019,13.68,13.88,13.5,13.88,11.514647,2434500
16.07.2019,13.86,13.86,13.66,13.78,11.431688,2844900
17.07.2019,13.68,13.72,13.54,13.56,11.249179,2209900
18.07.2019,13.58,13.64,13.4,13.42,11.133037,2813300
19.07.2019,13.46,13.7,13.46,13.64,11.315546,2593500
22.07.2019,13.64,13.74,13.5,13.74,11.398504,2503900
23.07.2019,13.7,13.96,13.66,13.82,11.464871,3040000
24.07.2019,13.76,13.84,13.6,13.74,11.398504,3444500
25.07.2019,13.74,13.86,13.62,13.74,11.398504,7117000
26.07.2019,13.74,13.76,13.62,13.62,11.298954,3471000
29.07.2019,13.64,13.72,13.42,13.62,11.298954,3274900
31.07.2019,13.64,14.04,13.64,13.82,11.464871,14630200
01.08.2019,13.82,14.06,13.76,14.04,11.64738,18466400
02.08.2019,13.92,14,13.74,13.86,11.498055,6221500
05.08.2019,13.84,13.84,13.74,13.78,11.431688,5471200
06.08.2019,13.6,13.98,13.6,13.84,11.481464,9207100
07.08.2019,13.84,13.9,13.84,13.84,11.481464,5123000
08.08.2019,13.96,14,13.84,13.84,11.481464,3415400
09.08.2019,13.86,13.92,13.8,13.82,11.464871,4969400
13.08.2019,14,14,13.58,13.6,11.282362,3860500
14.08.2019,13.74,13.78,13.58,13.62,11.298954,3756800
15.08.2019,13.54,13.72,13.42,13.72,11.381913,3602200
16.08.2019,13.68,13.72,13.62,13.68,11.348729,2272800
19.08.2019,13.68,13.8,13.64,13.68,11.348729,3702500
20.08.2019,13.74,13.76,13.62,13.7,11.365321,2628500
21.08.2019,13.7,13.72,13.62,13.66,11.332137,1886800
22.08.2019,13.66,13.76,13.62,13.66,11.332137,3656300
23.08.2019,13.66,13.84,13.62,13.76,11.415097,2726400
26.08.2019,13.58,13.7,13.5,13.7,11.365321,4730200
27.08.2019,13.64,13.7,13.6,13.6,11.282362,10720200
28.08.2019,13.62,13.8,13.58,13.74,11.398504,1820200
29.08.2019,13.8,13.88,13.7,13.8,11.44828,4757400
30.08.2019,13.86,13.96,13.76,13.96,11.581014,7153000
03.09.2019,13.94,14,13.72,13.76,11.415097,5494800
04.09.2019,13.76,13.82,13.68,13.76,11.415097,3689100
05.09.2019,13.76,13.94,13.72,13.8,11.44828,2142000
06.09.2019,13.8,13.86,13.78,13.82,11.464871,1902500
10.09.2019,13.98,14.04,13.88,14,11.614197,5586700
11.09.2019,14,14.06,13.88,13.94,11.564421,3186100
12.09.2019,13.86,13.9,13.8,13.8,11.44828,1631800
13.09.2019,13.74,13.84,13.74,13.78,11.431688,1624000
17.09.2019,13.82,13.84,13.54,13.62,11.298954,5229600
18.09.2019,13.6,13.7,13.56,13.6,11.282362,1962300
19.09.2019,13.6,13.7,13.6,13.62,11.298954,1400300
20.09.2019,13.72,13.76,13.6,13.7,11.365321,8668300
23.09.2019,13.7,13.74,13.6,13.64,11.315546,1082300
24.09.2019,13.7,13.7,13.58,13.64,11.315546,3500800
25.09.2019,13.66,13.74,13.64,13.72,11.381913,3999600
26.09.2019,13.7,13.76,13.66,13.72,11.381913,3886200
27.09.2019,13.5,13.64,13.42,13.6,11.534576,2468800
30.09.2019,13.5,13.64,13.48,13.64,11.568501,3789700
01.10.2019,13.6,13.7,13.58,13.7,11.61939,747800
02.10.2019,13.6,13.68,13.6,13.6,11.534576,1106300
03.10.2019,13.54,13.64,13.54,13.58,11.517614,2350400
04.10.2019,13.58,13.58,13.5,13.52,11.466726,3185700
07.10.2019,13.52,13.66,13.5,13.64,11.568501,1253500
08.10.2019,13.6,13.72,13.58,13.7,11.61939,4424500
09.10.2019,13.62,13.7,13.52,13.6,11.534576,2751900
10.10.2019,13.6,13.7,13.6,13.66,11.585464,1775000
11.10.2019,13.62,13.9,13.62,13.88,11.772053,1930200
14.10.2019,13.9,13.94,13.76,13.8,11.704202,2806400
15.10.2019,13.78,13.8,13.7,13.7,11.61939,1986000
16.10.2019,13.74,13.8,13.72,13.76,11.670279,3296100
17.10.2019,13.72,13.78,13.62,13.76,11.670279,2944200
18.10.2019,13.64,13.9,13.64,13.8,11.704202,1744200
21.10.2019,13.76,13.84,13.64,13.8,11.704202,1749500
22.10.2019,13.7,13.8,13.7,13.8,11.704202,3115600
23.10.2019,13.7,13.8,13.62,13.68,11.602426,2042500
24.10.2019,13.7,13.86,13.68,13.86,11.75509,3834200
25.10.2019,13.86,13.86,13.68,13.84,11.738128,3572000
29.10.2019,13.9,13.9,13.64,13.76,11.670279,3223100
30.10.2019,13.84,13.86,13.72,13.8,11.704202,1860800
31.10.2019,13.76,13.94,13.76,13.86,11.75509,6784200
01.11.2019,13.86,13.94,13.8,13.88,11.772053,2394000
04.11.2019,13.9,14,13.86,14,11.873829,2534500
05.11.2019,13.9,14,13.86,14,11.873829,3639400
06.11.2019,14,14,13.9,13.92,11.805978,1936900
07.11.2019,13.98,13.98,13.84,13.92,11.805978,3201800
08.11.2019,13.86,13.98,13.82,13.84,11.738128,2369600
11.11.2019,13.84,13.86,13.7,13.8,11.704202,2182300
12.11.2019,13.86,13.98,13.68,13.68,11.602426,2847300
13.11.2019,13.68,13.86,13.64,13.78,11.68724,2803100
14.11.2019,13.78,13.82,13.6,13.6,11.534576,2213400
15.11.2019,13.62,13.68,13.56,13.68,11.602426,2567000
18.11.2019,13.68,13.7,13.56,13.7,11.61939,2023300
19.11.2019,13.64,13.78,13.6,13.76,11.670279,2674300
20.11.2019,13.66,13.7,13.6,13.66,11.585464,3332000
21.11.2019,13.64,13.64,13.46,13.48,11.4328,6828000
22.11.2019,13.46,13.76,13.46,13.58,11.517614,6442500
25.11.2019,13.58,13.64,13.52,13.54,11.483687,2059400
26.11.2019,13.5,13.72,13.4,13.4,11.36495,10648100
27.11.2019,13.44,13.64,13.42,13.56,11.500651,3409200
28.11.2019,13.6,13.82,13.58,13.72,11.636352,4033300
29.11.2019,13.54,13.54,12.98,13.16,11.161399,11154300
02.12.2019,13.16,13.16,13,13.08,11.093549,3664200
03.12.2019,13.08,13.08,12.9,13.02,11.04266,4017200
04.12.2019,12.98,13.5,12.98,13.4,11.36495,5367200
05.12.2019,13.46,13.52,13.2,13.26,11.246211,4785100
06.12.2019,13.22,13.46,13.22,13.42,11.381913,1814500
09.12.2019,13.44,13.44,13.18,13.22,11.212287,3198000
10.12.2019,13.34,13.34,13.1,13.26,11.246211,2239700
11.12.2019,13.16,13.3,13.02,13.08,11.093549,7324800
12.12.2019,13.08,13.24,13.06,13.14,11.144437,3868900
13.12.2019,13.26,13.32,13.18,13.18,11.178361,2441400
16.12.2019,13.18,13.18,13.04,13.06,11.076587,5327000
17.12.2019,13.06,13.22,13.02,13.22,11.212287,4375100
18.12.2019,13.24,13.24,13.1,13.18,11.178361,2669500
19.12.2019,13.12,13.48,13.08,13.12,11.127474,2985800
20.12.2019,13.14,13.4,13.08,13.38,11.347987,6758900
23.12.2019,13.3,13.6,13.18,13.54,11.483687,2060300
24.12.2019,13.52,13.54,13.32,13.32,11.297099,1006700
26.12.2019,13.32,13.42,13.3,13.38,11.347987,216200
27.12.2019,13.32,13.32,13.2,13.26,11.246211,1746500
30.12.2019,13.22,13.54,13.22,13.54,11.483687,2153700
31.12.2019,13.42,13.44,13.22,13.26,11.246211,3382700
02.01.2020,13.22,13.36,13.2,13.3,11.280137,1133800
03.01.2020,13.3,13.4,13.22,13.26,11.246211,2095300
06.01.2020,13.24,13.24,13.04,13.1,11.110511,2370500
07.01.2020,13.12,13.26,12.94,13.06,11.076587,3513300
08.01.2020,13.06,13.06,12.9,12.98,11.008736,1977000
09.01.2020,13.02,13.12,12.92,13.04,11.059623,2900000
10.01.2020,13,13,12.98,12.98,11.008736,2595800
13.01.2020,12.98,13,12.94,12.96,10.991773,5878200
14.01.2020,12.96,12.96,12.64,12.9,10.940885,3522700
15.01.2020,12.8,12.9,12.72,12.9,10.940885,5254500
16.01.2020,12.88,12.9,12.62,12.9,10.940885,6268300
17.01.2020,12.9,12.98,12.76,12.9,10.940885,4422900
20.01.2020,12.94,13,12.9,12.94,10.974811,2805200
21.01.2020,12.96,12.98,12.86,12.88,10.923923,2921400
22.01.2020,12.82,12.88,12.82,12.88,10.923923,4489700
23.01.2020,12.76,12.84,12.68,12.82,10.873034,3637100
24.01.2020,12.7,12.88,12.54,12.88,10.923923,4095600
28.01.2020,12.62,12.82,12.5,12.74,10.805183,6493000
29.01.2020,12.7,12.72,12.52,12.56,10.652521,7681400
30.01.2020,12.6,12.6,12.42,12.48,10.584669,7722600
31.01.2020,12.48,12.6,12.4,12.46,10.567708,7462600
03.02.2020,12.4,12.54,12.32,12.46,10.567708,3540300
04.02.2020,12.52,12.78,12.46,12.72,10.788221,5591000
05.02.2020,12.72,12.82,12.6,12.76,10.822147,5074300
06.02.2020,12.76,13,12.72,12.88,10.923923,4873700
07.02.2020,12.94,12.98,12.74,12.74,10.805183,4294900
10.02.2020,12.78,12.78,12.28,12.5,10.601632,6783300
11.02.2020,12.56,12.7,12.48,12.64,10.72037,2394500
12.02.2020,12.6,12.74,12.6,12.64,10.72037,4060500
13.02.2020,12.62,12.64,12.58,12.58,10.669482,2690000
14.02.2020,12.6,12.7,12.58,12.68,10.754297,2246500
17.02.2020,12.68,12.72,12.5,12.5,10.601632,3001300
18.02.2020,12.5,12.64,12.5,12.6,10.686445,1004400
19.02.2020,12.64,12.64,12.54,12.6,10.686445,1573700
20.02.2020,12.7,12.98,12.6,12.78,10.839108,4564700
21.02.2020,12.66,12.84,12.66,12.78,10.839108,6355800
24.02.2020,12.56,12.76,12,12.14,10.296305,9397000
25.02.2020,12,12.38,12,12.3,10.432006,6867500
26.02.2020,12.18,12.54,12.14,12.38,10.499856,6991800
27.02.2020,12.32,12.52,12.32,12.5,10.601632,3595100
28.02.2020,12.26,12.46,12.02,12.1,10.262382,10689300
02.03.2020,12.24,12.68,12.24,12.5,10.601632,9136800
03.03.2020,12.58,12.6,12.36,12.5,10.601632,6204000
04.03.2020,12.54,12.62,12.48,12.58,10.669482,4487100
05.03.2020,12.68,12.68,12.6,12.64,10.72037,5164300
06.03.2020,12.64,12.64,12.5,12.6,10.686445,7289300
09.03.2020,12.5,12.56,12.34,12.5,10.601632,6805300
10.03.2020,12.36,12.86,12.32,12.5,10.601632,4741400
11.03.2020,12.5,12.76,12.46,12.62,10.703408,5274200
12.03.2020,12.4,12.56,12.38,12.42,10.533782,10233000
13.03.2020,12.42,12.42,12.42,12.42,10.533782,0
16.03.2020,11.6,11.82,11,11.3,9.583876,9167000
17.03.2020,10.88,11.3,10.8,11.24,9.532988,10500000
18.03.2020,11.34,11.48,11.28,11.42,9.685652,8143700
19.03.2020,11.3,11.42,11.2,11.32,9.600838,5817400
20.03.2020,11.3,12.26,11.3,12.02,10.194529,13145500
23.03.2020,11.76,11.98,11.72,11.9,10.092754,4771100
24.03.2020,11.94,12.32,11.82,11.82,10.024903,3833200
25.03.2020,12.08,12.22,12.02,12.1,10.262382,4519900
26.03.2020,12.1,12.26,11.94,12.22,10.364156,4333700
27.03.2020,12.24,12.46,12.22,12.4,10.516819,6475700
30.03.2020,11.66,11.86,11.34,11.8,10.428443,5053000
31.03.2020,11.8,12.14,11.7,12.02,10.62287,11458300
01.04.2020,12,12,11.74,11.82,10.446118,5607500
02.04.2020,11.72,11.94,11.6,11.9,10.51682,2416700
03.04.2020,11.92,11.94,11.84,11.92,10.534496,5681600
06.04.2020,11.96,12.1,11.92,12.1,10.693574,4666600
07.04.2020,12.2,12.22,11.96,12.2,10.781949,7511900
08.04.2020,12.2,12.2,11.94,11.94,10.552169,8302700
09.04.2020,12.06,12.06,12,12.04,10.640548,4437000
10.04.2020,12.02,12.12,12.02,12.04,10.640548,4346800
13.04.2020,12.04,12.1,12.04,12.04,10.640548,2350400
14.04.2020,12.14,12.2,12.06,12.14,10.728923,6557800
15.04.2020,12.14,12.5,12.06,12.24,10.817299,5399000
16.04.2020,12.24,12.68,12.18,12.24,10.817299,5986400
17.04.2020,12.48,13.1,12.48,12.7,11.223833,7552300
20.04.2020,12.92,12.94,12.6,12.6,11.135456,4016000
21.04.2020,12.5,12.6,12.38,12.5,11.047079,3260200
22.04.2020,12.26,12.6,12.26,12.5,11.047079,2900300
23.04.2020,12.5,12.7,12.24,12.3,10.870326,3571700
24.04.2020,12.04,12.22,11.9,12.16,10.746598,10028700
27.04.2020,12.14,12.26,12.06,12.06,10.658223,9523800
28.04.2020,12.1,12.2,12.04,12.1,10.693574,7586200
29.04.2020,12.2,12.3,12.1,12.1,10.693574,3623300
30.04.2020,12.18,12.44,12.16,12.24,10.817299,6569400
04.05.2020,12.18,12.18,12.04,12.12,10.711248,5768800
05.05.2020,12.12,12.5,12.12,12.38,10.941027,3354500
06.05.2020,12.3,12.48,12.16,12.16,10.746598,2835300
08.05.2020,12.46,12.48,12.28,12.34,10.905678,5005100
12.05.2020,12.26,12.38,12.12,12.34,10.905678,3490900
13.05.2020,12.22,12.22,11.9,12.1,10.693574,5908200
14.05.2020,12.1,12.4,12.08,12.16,10.746598,4466100
15.05.2020,12.18,12.4,12.18,12.2,10.781949,2897100
18.05.2020,12.26,12.36,12.02,12.12,10.711248,3151100
19.05.2020,12.22,12.28,12.14,12.16,10.746598,5837800
20.05.2020,12.2,12.44,12.12,12.44,10.994053,2434000
21.05.2020,12.46,12.48,12.18,12.24,10.817299,2489400
22.05.2020,12.24,12.32,12.2,12.2,10.781949,2808400
27.05.2020,12.4,12.44,12.14,12.2,10.781949,4069600
28.05.2020,12.16,12.24,11.9,11.9,10.51682,11913500
29.05.2020,11.9,12,11.26,11.26,9.951209,82753800
02.06.2020,11.26,11.26,11.26,11.26,9.951209,0
03.06.2020,12.06,12.1,11.9,11.98,10.587521,6203900
04.06.2020,12.04,12.2,11.78,12.02,10.62287,7049100
05.06.2020,11.9,12.02,11.86,11.96,10.569845,7007600
09.06.2020,11.44,11.96,11.36,11.9,10.51682,11276600
10.06.2020,11.9,11.98,11.82,11.96,10.569845,4464600
11.06.2020,11.96,12.06,11.86,11.96,10.569845,4786500
12.06.2020,11.84,11.92,11.8,11.88,10.499144,1979900
15.06.2020,11.88,11.98,11.72,11.82,10.446118,4502100
16.06.2020,11.98,12.06,11.84,12,10.605196,2270700
17.06.2020,11.94,12,11.82,11.88,10.499144,4035900
18.06.2020,11.9,11.9,11.7,11.8,10.428443,2414500
19.06.2020,11.78,11.94,11.78,11.8,10.428443,6676500
22.06.2020,11.78,11.86,11.74,11.78,10.410768,2083500
23.06.2020,11.8,11.9,11.7,11.88,10.499144,4359600
24.06.2020,11.84,11.86,11.7,11.74,10.375417,4687600
25.06.2020,11.72,11.78,11.52,11.58,10.234014,5913500
26.06.2020,11.6,11.64,11.44,11.48,10.145638,4683300
29.06.2020,11.5,11.66,11.44,11.56,10.21634,3313700
30.06.2020,11.6,11.76,11.56,11.62,10.269364,5647400
01.07.2020,11.62,11.74,11.5,11.5,10.163313,3108400
02.07.2020,11.52,11.56,11.46,11.56,10.21634,6127400
03.07.2020,11.68,11.78,11.6,11.76,10.393092,1862700
06.07.2020,11.78,11.9,11.72,11.86,10.481468,3077900
07.07.2020,11.88,11.88,11.48,11.6,10.25169,6801500
08.07.2020,11.52,11.68,11.5,11.56,10.21634,5090800
09.07.2020,11.52,11.56,11.48,11.48,10.145638,3669600
10.07.2020,11.48,11.5,11.22,11.36,10.039585,7161800
13.07.2020,11.32,11.36,11.3,11.32,10.004234,4258700
14.07.2020,11.32,11.48,11.28,11.44,10.110287,4144800
15.07.2020,11.44,11.66,11.36,11.36,10.039585,5130700
16.07.2020,11.4,11.42,11.32,11.36,10.039585,2956900
17.07.2020,11.36,11.56,11.36,11.54,10.198664,3706600
20.07.2020,11.6,11.6,11.3,11.34,10.02191,3219800
21.07.2020,11.42,11.52,11.36,11.4,10.074936,3197100
22.07.2020,11.4,11.46,11.3,11.3,9.98656,3338900
23.07.2020,11.36,11.46,11.28,11.34,10.02191,2586100
24.07.2020,11.3,11.32,11.22,11.24,9.933534,3707100
27.07.2020,11.26,11.34,11.26,11.3,9.98656,1991500
28.07.2020,11.34,11.38,11.28,11.28,9.968885,4021700
29.07.2020,11.34,11.48,11.28,11.42,10.092612,2112900
30.07.2020,11.46,11.46,11.3,11.44,10.110287,5112600
03.08.2020,11.38,11.38,11.04,11.1,9.809807,5570200
04.08.2020,11.2,11.2,10.88,10.94,9.668404,5202000
05.08.2020,10.98,11.02,10.9,10.94,9.668404,2467000
06.08.2020,11,11.16,10.96,11,9.72143,1682700
07.08.2020,11.02,11.06,10.98,11.02,9.739107,2632100
10.08.2020,11.1,11.18,11,11.02,9.739107,1197100
11.08.2020,11.04,11.08,10.98,11,9.72143,1659100
12.08.2020,11,11.18,10.98,11.14,9.845157,1935600
13.08.2020,11.04,11.28,11.04,11.16,9.862833,2588500
14.08.2020,11.14,11.2,11.06,11.12,9.827481,2399500
17.08.2020,11.12,11.18,11.1,11.12,9.827481,2968600
18.08.2020,11.18,11.24,11.1,11.16,9.862833,3414700
19.08.2020,11.16,11.16,11,11,9.72143,2807200
21.08.2020,11,11.06,10.96,11,9.72143,3232400
24.08.2020,11,11.06,10.96,11,9.72143,1514100
25.08.2020,10.92,11.1,10.88,11.02,9.739107,2801200
26.08.2020,11.06,11.18,10.88,11,9.72143,2848100
27.08.2020,11.06,11.12,10.98,11.12,9.827481,2790900
28.08.2020,11.1,11.2,10.86,10.86,9.597702,8347300
01.09.2020,11,11.04,10.88,10.98,9.703753,6385700
02.09.2020,10.96,11.3,10.96,11.24,9.933534,4467200
03.09.2020,11.26,11.26,11,11.04,9.756782,4013600
04.09.2020,11,11.16,10.94,11.16,9.862833,2764600
07.09.2020,11.12,11.12,11,11.06,9.774456,677300
08.09.2020,11.04,11.32,11.02,11.32,10.004234,1976800
09.09.2020,11.1,11.24,11.1,11.18,9.880508,2863600
10.09.2020,11.22,11.5,11.12,11.5,10.163313,4320200
11.09.2020,11.48,11.48,11.14,11.42,10.092612,3125500
14.09.2020,11.32,11.34,11.18,11.18,9.880508,3699300
15.09.2020,11.2,11.22,11,11,9.72143,6823600
17.09.2020,11.06,11.1,10.96,11.04,9.756782,3922000
18.09.2020,11.04,11.16,10.9,10.9,9.633053,10011200
21.09.2020,10.96,11.02,10.88,10.9,9.633053,4579500
22.09.2020,10.96,11.1,10.9,11.02,9.739107,2173700
23.09.2020,11.02,11.06,10.9,10.9,9.633053,2233800
24.09.2020,10.94,10.94,10.82,10.82,9.562352,4245400
25.09.2020,10.86,10.96,10.82,10.88,9.615377,2485900
28.09.2020,10.98,10.98,10.82,10.84,9.580028,3654000
29.09.2020,10.64,10.76,10.6,10.6,9.561987,4661600
30.09.2020,10.66,10.66,10.5,10.5,9.471778,2879200
01.10.2020,10.54,10.54,10.36,10.38,9.36353,2545300
02.10.2020,10.38,10.46,10.2,10.36,9.345488,3204600
05.10.2020,10.36,10.44,10.3,10.4,9.381571,1601400
06.10.2020,10.44,10.58,10.36,10.54,9.507862,2232200
07.10.2020,10.56,10.56,10.24,10.24,9.237239,4377200
08.10.2020,10.32,10.36,10.16,10.26,9.25528,4310300
09.10.2020,10.28,10.46,10.2,10.4,9.381571,2795300
12.10.2020,10.4,10.4,10.2,10.2,9.201156,2476400
13.10.2020,10.2,10.3,10.16,10.18,9.183116,9623300
14.10.2020,10.2,10.24,10.06,10.08,9.092906,6803300
15.10.2020,10.08,10.08,10,10.02,9.038782,6626100
16.10.2020,10.04,10.08,10,10,9.020741,4300900
19.10.2020,10.02,10.1,10,10.06,9.074866,3030900
20.10.2020,10.06,10.08,10,10.02,9.038782,3463900
21.10.2020,10.08,10.1,10.02,10.02,9.038782,2772600
22.10.2020,10.02,10.08,9.92,10.08,9.092906,3945900
23.10.2020,10.08,10.08,9.98,9.99,9.011721,2915700
26.10.2020,10,10.04,9.95,9.97,8.993679,2188200
27.10.2020,10,10,9.88,9.89,8.921513,5262000
28.10.2020,9.9,9.9,9.77,9.78,8.822285,3490200
30.10.2020,9.79,9.8,9.5,9.54,8.605786,7355500
02.11.2020,9.54,9.65,9.5,9.6,8.659911,2277700
03.11.2020,9.7,9.7,9.54,9.55,8.614807,2004700
04.11.2020,9.61,9.68,9.56,9.64,8.695994,1336200
05.11.2020,9.67,10.16,9.67,10.06,9.074866,5583100
06.11.2020,10.06,10.34,10,10.3,9.291364,3167000
09.11.2020,10.3,10.38,10.1,10.26,9.25528,2884400
10.11.2020,10.32,11.24,10.32,11.2,10.10323,14320600
11.11.2020,11.2,11.4,10.82,11.34,10.229521,9894400
12.11.2020,11.26,11.48,11.1,11.48,10.35581,8393600
13.11.2020,11.38,11.42,11.14,11.32,10.211478,3677500
16.11.2020,11.32,11.38,11.06,11.2,10.10323,3424500
17.11.2020,11.22,11.48,11.2,11.42,10.301687,6332000
18.11.2020,11.4,11.48,11.26,11.26,10.157354,3861800
19.11.2020,11.26,11.38,11.1,11.24,10.139313,3934600
20.11.2020,11.24,11.24,11.12,11.18,10.085189,3869300
23.11.2020,11.18,11.22,10.92,10.92,9.85065,3185300
24.11.2020,10.94,11.04,10.8,10.8,9.742401,4192300
25.11.2020,10.82,11,10.8,10.98,9.904774,3488600
26.11.2020,10.98,11.06,10.86,11,9.922816,4086600
27.11.2020,11,11.12,10.72,10.72,9.670235,4461600
30.11.2020,10.76,10.9,10.08,10.08,9.092906,18894700
01.12.2020,10.38,10.96,10.36,10.86,9.796524,7214900
02.12.2020,10.86,10.88,10.62,10.8,9.742401,5399600
03.12.2020,10.8,11.08,10.8,11,9.922816,5389100
04.12.2020,11,11.04,10.88,10.94,9.868691,1685900
07.12.2020,10.94,10.98,10.84,10.9,9.832607,2622700
08.12.2020,10.92,11,10.74,10.76,9.706317,6904100
09.12.2020,10.78,10.78,10.56,10.64,9.598068,8009400
10.12.2020,10.68,10.68,10.5,10.5,9.471778,9752400
11.12.2020,10.56,10.58,10.32,10.34,9.327447,20674000
14.12.2020,10.42,10.82,10.38,10.6,9.561987,8547200
15.12.2020,10.62,10.92,10.56,10.8,9.742401,10650900
16.12.2020,10.88,10.92,10.74,10.8,9.742401,4429800
17.12.2020,10.82,10.86,10.7,10.8,9.742401,4121400
18.12.2020,10.86,10.86,10.66,10.78,9.724359,4863800
21.12.2020,10.72,10.72,10.62,10.68,9.634152,2444800
22.12.2020,10.66,10.68,10.56,10.58,9.543943,2699700
23.12.2020,10.6,10.7,10.58,10.68,9.634152,1654600
24.12.2020,10.68,10.76,10.6,10.7,9.652192,1335600
28.12.2020,10.72,10.8,10.58,10.58,9.543943,3809400
29.12.2020,10.6,10.64,10.48,10.58,9.543943,4648900
30.12.2020,10.58,10.58,10.46,10.52,9.48982,4909200
31.12.2020,10.56,10.56,10.42,10.42,9.399612,4897900
04.01.2021,10.52,10.56,10.46,10.46,9.435695,4180700
05.01.2021,10.48,10.58,10.42,10.54,9.507862,4030100
06.01.2021,10.54,10.54,10.3,10.42,9.399612,6430700
07.01.2021,10.38,10.58,10.12,10.52,9.48982,6756300
08.01.2021,10.48,10.52,10.24,10.52,9.48982,7002400
11.01.2021,10.4,10.4,10.22,10.24,9.237239,4990900
12.01.2021,10.24,10.28,10.08,10.12,9.128991,4237600
13.01.2021,10.16,10.32,10.16,10.2,9.201156,6104300
14.01.2021,10.26,10.28,10.1,10.12,9.128991,9111400
15.01.2021,10.16,10.22,10.12,10.18,9.183116,3350300
18.01.2021,10.2,10.22,10.08,10.08,9.092906,3817700
19.01.2021,10.08,10.12,10,10,9.020741,7008000
20.01.2021,10.04,10.06,9.96,9.96,8.984657,8992900
21.01.2021,10,10.06,9.85,9.88,8.912493,9412200
22.01.2021,9.88,9.95,9.78,9.78,8.822285,9679700
25.01.2021,9.79,9.81,9.65,9.65,8.705014,12035600
26.01.2021,9.71,9.8,9.66,9.7,8.75012,9785700
27.01.2021,9.77,9.97,9.7,9.78,8.822285,9394200
29.01.2021,9.79,9.83,9.65,9.65,8.705014,10991600
02.02.2021,9.78,9.84,9.65,9.66,8.714035,7565800
03.02.2021,9.69,9.83,9.66,9.66,8.714035,12781100
04.02.2021,9.69,9.76,9.68,9.7,8.75012,5606100
05.02.2021,9.75,9.87,9.69,9.7,8.75012,8061200
08.02.2021,9.73,9.77,9.67,9.67,8.723056,6843100
09.02.2021,9.69,9.71,9.67,9.7,8.75012,5596500
10.02.2021,9.72,9.81,9.72,9.75,8.795223,6929900
11.02.2021,9.8,10.16,9.76,10.06,9.074866,5508500
15.02.2021,10.12,10.38,10.12,10.18,9.183116,5224800
16.02.2021,10.2,10.22,9.9,9.9,8.930533,9060100
17.02.2021,9.95,9.99,9.86,9.86,8.894451,4695900
18.02.2021,9.9,9.99,9.85,9.85,8.88543,5064700
19.02.2021,9.86,9.88,9.81,9.88,8.912493,4940300
22.02.2021,9.92,9.96,9.85,9.85,8.88543,4637700
23.02.2021,9.85,9.94,9.85,9.86,8.894451,3975600
24.02.2021,9.89,10,9.89,9.9,8.930533,6028500
25.02.2021,9.95,10.12,9.93,10.12,9.128991,5105800
26.02.2021,10.04,10.3,9.95,10.1,9.11095,15100200
01.03.2021,10.2,10.36,10.2,10.32,9.309405,7906200
02.03.2021,10.34,10.48,10.34,10.36,9.345488,6137500
03.03.2021,10.46,10.48,10.26,10.46,9.435695,6285500
04.03.2021,10.44,10.46,10.36,10.4,9.381571,4072300
05.03.2021,10.36,10.4,10.32,10.34,9.327447,4636000
08.03.2021,10.38,10.48,10.38,10.4,9.381571,4079100
09.03.2021,10.44,10.7,10.42,10.7,9.652192,5966200
10.03.2021,10.72,10.86,10.64,10.72,9.670235,6879700
11.03.2021,10.72,10.88,10.72,10.8,9.742401,3936300
12.03.2021,10.78,10.86,10.78,10.8,9.742401,2908400
15.03.2021,10.82,10.84,10.62,10.66,9.616111,6494500
16.03.2021,10.74,10.82,10.72,10.78,9.724359,4068500
17.03.2021,10.8,10.84,10.74,10.82,9.760441,3963100
18.03.2021,10.82,10.88,10.76,10.84,9.778483,5045200
19.03.2021,10.84,10.86,10.56,10.56,9.525904,13377000
22.03.2021,10.68,10.82,10.66,10.76,9.706317,4642300
23.03.2021,10.78,10.84,10.7,10.7,9.652192,4549600
24.03.2021,10.72,10.82,10.68,10.82,9.760441,3718300
25.03.2021,10.8,10.82,10.76,10.76,9.706317,3443700
26.03.2021,10.8,10.84,10.78,10.8,9.742401,4779900
29.03.2021,10.82,10.94,10.8,10.92,9.85065,6113300
30.03.2021,10.34,10.42,10.18,10.4,9.738284,6415800
31.03.2021,10.4,10.4,10.1,10.12,9.4761,8934000
01.04.2021,10.14,10.3,10.14,10.26,9.607192,2638500
02.04.2021,10.26,10.3,10.22,10.26,9.607192,1055300
05.04.2021,10.28,10.28,10.2,10.22,9.569737,1232800
06.04.2021,10.26,10.26,10.12,10.16,9.513555,2355000
07.04.2021,10.22,10.26,10.14,10.26,9.607192,3358800
08.04.2021,10.26,10.26,10.14,10.14,9.494827,3021300
09.04.2021,10.2,10.26,10.18,10.24,9.588465,2714300
12.04.2021,10.24,10.26,10.18,10.24,9.588465,1667300
13.04.2021,10.26,10.26,10.18,10.2,9.551009,2465700
14.04.2021,10.2,10.2,10.12,10.16,9.513555,2512800
15.04.2021,10.16,10.24,10.12,10.12,9.4761,2529800
16.04.2021,10.14,10.14,10.08,10.08,9.438644,2708000
19.04.2021,10.1,10.1,10,10.02,9.382463,3009600
20.04.2021,10.04,10.1,10,10.1,9.457373,2648400
21.04.2021,10.08,10.1,10.02,10.02,9.382463,1581300
22.04.2021,10.04,10.06,10,10.04,9.401191,2332200
23.04.2021,10.04,10.04,10,10,9.363735,1947700
26.04.2021,10.02,10.04,10,10,9.363735,3426600
27.04.2021,10,10.02,9.97,9.98,9.345008,4130700
28.04.2021,9.99,10.02,9.93,10,9.363735,2824100
30.04.2021,10.1,10.1,9.96,9.96,9.32628,4853800
03.05.2021,9.97,9.98,9.93,9.93,9.298189,2754800
04.05.2021,9.95,10,9.94,9.97,9.335645,1274400
05.05.2021,9.98,10,9.9,9.9,9.270098,2803100
06.05.2021,9.9,9.94,9.85,9.92,9.288825,4172700
07.05.2021,9.93,9.94,9.9,9.9,9.270098,2364600
10.05.2021,9.9,9.95,9.9,9.9,9.270098,1535100
11.05.2021,9.9,9.91,9.86,9.91,9.279462,1565600
12.05.2021,9.91,9.91,9.85,9.87,9.242006,1565100
17.05.2021,9.88,9.99,9.87,9.91,9.279462,2834700
18.05.2021,9.91,9.99,9.91,9.99,9.354371,1498100
19.05.2021,10,10,9.9,9.97,9.335645,1792400
20.05.2021,9.91,9.97,9.88,9.9,9.270098,2997100
21.05.2021,9.9,9.98,9.85,9.9,9.270098,2969100
24.05.2021,9.9,9.95,9.89,9.94,9.307552,2436800
25.05.2021,9.93,10,9.92,9.97,9.335645,3670800
27.05.2021,9.97,10.06,9.91,9.96,9.32628,9644100
28.05.2021,9.96,9.99,9.93,9.99,9.354371,2603500
31.05.2021,9.91,9.99,9.86,9.95,9.316916,2750200
01.06.2021,9.95,9.97,9.92,9.94,9.307552,1166200
02.06.2021,9.93,10.04,9.9,9.95,9.316916,4135700
03.06.2021,9.95,10.02,9.95,9.98,9.345008,1960300
04.06.2021,9.98,10,9.9,9.93,9.298189,3033100
08.06.2021,9.98,10.06,9.95,9.95,9.316916,3025200
09.06.2021,9.96,10.02,9.93,9.93,9.298189,2075200
10.06.2021,9.95,10,9.93,9.93,9.298189,1959600
11.06.2021,9.95,9.97,9.93,9.94,9.307552,1741200
14.06.2021,9.95,10.06,9.95,10.06,9.419918,1897600
15.06.2021,10.04,10.06,9.94,9.94,9.307552,3460500
16.06.2021,9.96,10.02,9.93,10.02,9.382463,3252400
17.06.2021,10,10,9.95,9.95,9.316916,2633100
18.06.2021,9.96,10.44,9.93,10.44,9.775739,8094800
21.06.2021,10.14,10.16,10,10,9.363735,3011100
22.06.2021,10.02,10.08,10.02,10.04,9.401191,1939500
23.06.2021,10.04,10.04,9.93,9.93,9.298189,3962000
24.06.2021,9.95,9.95,9.86,9.87,9.242006,6703600
25.06.2021,9.89,9.96,9.88,9.9,9.270098,3081700
28.06.2021,9.89,9.9,9.84,9.85,9.22328,3854300
29.06.2021,9.85,9.9,9.8,9.84,9.213916,5029500
30.06.2021,9.84,9.88,9.79,9.79,9.167096,4943500
01.07.2021,9.8,9.84,9.75,9.75,9.129642,3027400
02.07.2021,9.76,9.77,9.72,9.73,9.110913,2220400
05.07.2021,9.75,9.76,9.7,9.73,9.110913,2646600
06.07.2021,9.73,9.77,9.71,9.71,9.092188,2570900
07.07.2021,9.72,9.73,9.69,9.71,9.092188,2360000
08.07.2021,9.7,9.7,9.61,9.62,9.007913,3709900
09.07.2021,9.62,9.7,9.62,9.69,9.07346,2068300
12.07.2021,9.7,9.7,9.65,9.68,9.064095,1442100
13.07.2021,9.69,9.7,9.63,9.66,9.045367,3162300
14.07.2021,9.67,9.69,9.62,9.62,9.007913,2142800
15.07.2021,9.63,9.85,9.62,9.72,9.10155,3118200
16.07.2021,9.76,9.76,9.65,9.7,9.082824,1405000
19.07.2021,9.72,9.86,9.68,9.76,9.139007,3503600
21.07.2021,9.76,9.8,9.71,9.71,9.092188,2756400
22.07.2021,9.72,9.79,9.71,9.74,9.120277,2062300
23.07.2021,9.74,9.77,9.73,9.73,9.110913,3143100
26.07.2021,9.73,9.78,9.7,9.7,9.082824,2124200
27.07.2021,9.71,9.75,9.71,9.73,9.110913,1395300
28.07.2021,9.73,9.84,9.72,9.78,9.157733,1418500
29.07.2021,9.8,9.81,9.7,9.73,9.110913,1699800
30.07.2021,9.73,9.77,9.64,9.64,9.026642,4463300
02.08.2021,9.64,9.68,9.6,9.63,9.017278,3273400
03.08.2021,9.64,9.73,9.64,9.73,9.110913,1950600
04.08.2021,9.71,9.83,9.66,9.83,9.204553,2474700
05.08.2021,9.8,9.8,9.7,9.72,9.10155,1798700
06.08.2021,9.72,9.72,9.61,9.61,8.998549,3403200
09.08.2021,9.63,9.69,9.61,9.68,9.064095,1131500
11.08.2021,9.69,9.78,9.68,9.73,9.110913,1694400
12.08.2021,9.73,9.73,9.63,9.7,9.082824,1787300
13.08.2021,9.72,9.72,9.64,9.66,9.045367,1450700
16.08.2021,9.64,9.75,9.61,9.75,9.129642,1380200
17.08.2021,9.75,9.94,9.75,9.94,9.307552,4767400
18.08.2021,9.95,9.97,9.79,9.89,9.260735,2443300
19.08.2021,9.86,9.9,9.8,9.9,9.270098,900500
20.08.2021,9.9,9.92,9.85,9.85,9.22328,681800
23.08.2021,9.85,9.9,9.85,9.87,9.242006,1181000
24.08.2021,9.89,9.99,9.88,9.97,9.335645,1995000
25.08.2021,10,10.28,9.98,10.28,9.625919,7670200
26.08.2021,10.28,10.32,10.16,10.3,9.644648,5359900
27.08.2021,10.3,10.48,10.24,10.38,9.719558,5857000
30.08.2021,10.38,10.56,10.38,10.46,9.794467,8841900
01.09.2021,10.46,10.48,10.34,10.34,9.682102,3888600
02.09.2021,10.36,10.44,10.32,10.38,9.719558,3268000
03.09.2021,10.4,10.4,10.26,10.36,9.70083,3278400
06.09.2021,10.36,10.38,10.24,10.34,9.682102,2358300
07.09.2021,10.34,10.34,10.26,10.34,9.682102,2227200
08.09.2021,10.34,10.34,10.18,10.3,9.644648,3435700
09.09.2021,10.3,10.38,10.22,10.26,9.607192,2416900
10.09.2021,10.26,10.3,10.24,10.3,9.644648,1225100
13.09.2021,10.3,10.3,10.24,10.28,9.625919,1777200
14.09.2021,10.26,10.3,10.14,10.18,9.532284,3124200
15.09.2021,10.14,10.16,10,10,9.363735,8919100
17.09.2021,10,10.02,9.87,9.9,9.270098,14833200
20.09.2021,9.91,9.96,9.79,9.8,9.17646,9104700
21.09.2021,9.8,9.87,9.78,9.82,9.195188,5373900
22.09.2021,9.82,9.89,9.79,9.81,9.185824,6178800
23.09.2021,9.83,9.99,9.83,9.99,9.354371,7554400
24.09.2021,10,10.04,9.86,9.86,9.232642,5985600
27.09.2021,9.89,9.95,9.84,9.85,9.22328,5472800
28.09.2021,9.87,9.91,9.86,9.9,9.270098,7037500
29.09.2021,9.7,9.79,9.68,9.75,9.337133,4217300
30.09.2021,9.79,9.8,9.66,9.68,9.270098,5537000
01.10.2021,9.69,9.71,9.6,9.6,9.193485,6989000
04.10.2021,9.61,9.68,9.61,9.63,9.222216,4323400
05.10.2021,9.64,9.65,9.6,9.62,9.212638,3641200
06.10.2021,9.64,9.75,9.62,9.74,9.327557,5950400
07.10.2021,9.7,9.74,9.68,9.73,9.31798,2541900
08.10.2021,9.74,9.75,9.7,9.71,9.298828,2503400
11.10.2021,9.73,9.77,9.7,9.71,9.298828,3717900
12.10.2021,9.72,9.74,9.67,9.68,9.270098,5133900
13.10.2021,9.69,9.75,9.67,9.71,9.298828,4829700
14.10.2021,9.72,9.73,9.68,9.7,9.289251,3360900
15.10.2021,9.71,9.73,9.69,9.72,9.308404,3372100
18.10.2021,9.75,9.82,9.72,9.82,9.404169,3597100
20.10.2021,9.85,9.9,9.75,9.76,9.346711,4872000
21.10.2021,9.83,9.84,9.73,9.75,9.337133,2725400
22.10.2021,9.75,9.8,9.72,9.76,9.346711,2143800
25.10.2021,9.77,9.86,9.75,9.76,9.346711,2885000
26.10.2021,9.78,9.78,9.71,9.71,9.298828,2592200
27.10.2021,9.74,9.74,9.68,9.7,9.289251,4745300
28.10.2021,9.71,9.71,9.65,9.65,9.241368,5424100
29.10.2021,9.67,9.69,9.65,9.66,9.250944,3717200
01.11.2021,9.64,9.66,9.6,9.6,9.193485,5678200
02.11.2021,9.61,9.7,9.6,9.6,9.193485,4138300
03.11.2021,9.62,9.63,9.58,9.58,9.174333,3883800
05.11.2021,9.61,9.64,9.58,9.61,9.203061,3068800
08.11.2021,9.61,9.68,9.59,9.67,9.260521,2025100
09.11.2021,9.67,9.69,9.6,9.61,9.203061,2261900
10.11.2021,9.62,9.63,9.58,9.58,9.174333,2226400
11.11.2021,9.58,9.63,9.58,9.63,9.222216,2275800
12.11.2021,9.63,9.64,9.61,9.62,9.212638,2191100
15.11.2021,9.62,9.65,9.59,9.59,9.183909,1351600
16.11.2021,9.6,9.64,9.58,9.59,9.183909,2430400
17.11.2021,9.59,9.61,9.57,9.57,9.164756,2347400
18.11.2021,9.59,9.59,9.56,9.56,9.15518,2682900
19.11.2021,9.56,9.58,9.52,9.55,9.145602,2308400
22.11.2021,9.58,9.6,9.5,9.5,9.09772,2758100
23.11.2021,9.5,9.54,9.49,9.5,9.09772,3297800
24.11.2021,9.51,9.52,9.43,9.44,9.04026,2923300
25.11.2021,9.45,9.47,9.38,9.38,8.982801,4214900
26.11.2021,9.4,9.5,9.38,9.38,8.982801,4427500
29.11.2021,9.37,9.37,9.23,9.26,8.867883,8252600
30.11.2021,9.28,9.4,9.24,9.24,8.848729,12372100
01.12.2021,9.24,9.25,9.21,9.22,8.829577,4143300
02.12.2021,9.22,9.26,9.19,9.2,8.810423,6816600
06.12.2021,9.2,9.21,9.02,9.02,8.638046,14040500
07.12.2021,9.02,9.08,9,9.04,8.657199,10274400
08.12.2021,9.04,9.14,9.01,9.02,8.638046,6770700
09.12.2021,9.05,9.14,9.03,9.11,8.724235,4072100
10.12.2021,9.13,9.29,9.11,9.16,8.772118,5601300
13.12.2021,9.26,9.33,9.25,9.28,8.887036,5257400
14.12.2021,9.28,9.3,9.2,9.23,8.839153,3472800
15.12.2021,9.23,9.29,9.2,9.29,8.896613,1568900
16.12.2021,9.3,9.3,9.23,9.24,8.848729,3783200
17.12.2021,9.26,9.51,9.24,9.51,9.107297,7124500
20.12.2021,9.41,9.45,9.29,9.3,8.906189,6100900
21.12.2021,9.3,9.3,9.24,9.26,8.867883,1923000
22.12.2021,9.26,9.37,9.26,9.32,8.925342,2166900
23.12.2021,9.32,9.39,9.24,9.26,8.867883,2615100
24.12.2021,9.28,9.33,9.28,9.31,8.915766,938300
27.12.2021,9.31,9.44,9.29,9.41,9.011531,1934100
28.12.2021,9.42,9.45,9.35,9.35,8.954073,3426000
29.12.2021,9.38,9.38,9.26,9.36,8.963648,3169000
30.12.2021,9.32,9.35,9.31,9.32,8.925342,1674900
